Date and Hour,File Worked On,Time Spent on File (seconds),App Used
2024-11-20 18:00,2024-projects.csv - file_usage_tracker - Visual Studio Code,1.964036,others
2024-11-20 18:00,-,7.472316,ARCHICAD.exe
2024-11-20 18:00,-,0.135852,others
2024-11-20 18:00,Parts.docx,0.761001,WINWORD.EXE
2024-11-20 18:00,-,2.067987,ARCHICAD.exe
2024-11-20 18:00,-,0.131091,others
2024-11-20 18:00,Parts.docx,0.538016,WINWORD.EXE
2024-11-20 18:00,-,0.329092,ARCHICAD.exe
2024-11-20 18:00,2024-projects.csv - file_usage_tracker - Visual Studio Code,6.009526,others
2024-11-20 18:00,-,0.766919,ARCHICAD.exe
2024-11-20 18:00,18-00_20_11_2024.csv - file_usage_tracker - Visual Studio Code,4.802335,others
2024-11-20 18:00,-,36.168576,ARCHICAD.exe
2024-11-20 18:00,-,0.126362,others
2024-11-20 18:00,Parts.docx,1.326111,WINWORD.EXE
2024-11-20 18:00,-,1.265332,ARCHICAD.exe
2024-11-20 18:00,Parts.docx,0.103002,WINWORD.EXE
2024-11-20 18:00,-,0.655741,ARCHICAD.exe
2024-11-20 18:00,file_utils.py - file_usage_tracker - Visual Studio Code,5.736056,others,
2024-11-20 18:00,-,23.479674,ARCHICAD.exe,
2024-11-20 18:00,-,0.118615,others,
2024-11-20 18:00,Parts.docx,2.301636,WINWORD.EXE,https://d.docs.live.net/b504c1621a2004e6/10_klas_tues/VMKS/Parts.docx
2024-11-20 18:00,-,0.977779,ARCHICAD.exe,
2024-11-20 18:00,-,0.108235,others,
2024-11-20 18:00,Active File Tracking Script,0.88095,opera.exe,
2024-11-20 18:00,-,2.960031,ARCHICAD.exe,
2024-11-20 18:00,18-00_20_11_2024.csv - file_usage_tracker - Visual Studio Code,7.857387,others,
2024-11-20 18:00,Parts.docx,4.953678,WINWORD.EXE,https://d.docs.live.net/b504c1621a2004e6/10_klas_tues/VMKS/Parts.docx
2024-11-20 18:00,Документ1,5.913447,WINWORD.EXE,Документ1
2024-11-20 18:00,Документ1,0.110088,WINWORD.EXE,Документ1
2024-11-20 18:00,Документ1,0.105978,WINWORD.EXE,Документ1
2024-11-20 18:00,Документ1,0.109768,WINWORD.EXE,Документ1
2024-11-20 18:00,Документ1,0.107394,WINWORD.EXE,Документ1
2024-11-20 18:00,Документ1,0.108263,WINWORD.EXE,Документ1
2024-11-20 18:00,Документ1,0.121264,WINWORD.EXE,Документ1
2024-11-20 18:00,Документ1,0.114716,WINWORD.EXE,Документ1
2024-11-20 18:00,Документ1,0.109039,WINWORD.EXE,Документ1
2024-11-20 18:00,Документ1,0.107857,WINWORD.EXE,Документ1
2024-11-20 18:00,Документ1,0.108399,WINWORD.EXE,Документ1
2024-11-20 18:00,Документ1,0.109846,WINWORD.EXE,Документ1
2024-11-20 18:00,Документ1,0.107883,WINWORD.EXE,Документ1
2024-11-20 18:00,Документ1,0.109246,WINWORD.EXE,Документ1
2024-11-20 18:00,Документ1,0.105634,WINWORD.EXE,Документ1
2024-11-20 18:00,Документ1,0.108134,WINWORD.EXE,Документ1
2024-11-20 18:00,Документ1,0.110144,WINWORD.EXE,Документ1
2024-11-20 18:00,Документ1,0.108029,WINWORD.EXE,Документ1
2024-11-20 18:00,Документ1,0.106419,WINWORD.EXE,Документ1
2024-11-20 18:00,Документ1,0.107633,WINWORD.EXE,Документ1
2024-11-20 18:00,Документ1,0.108372,WINWORD.EXE,Документ1
2024-11-20 18:00,Документ1,0.111207,WINWORD.EXE,Документ1
2024-11-20 18:00,Документ1,0.10721,WINWORD.EXE,Документ1
2024-11-20 18:00,Документ1,0.110401,WINWORD.EXE,Документ1
2024-11-20 18:00,Документ1,0.107405,WINWORD.EXE,Документ1
2024-11-20 18:00,Документ1,0.108104,WINWORD.EXE,Документ1
2024-11-20 18:00,Документ1,0.109336,WINWORD.EXE,Документ1
2024-11-20 18:00,Документ1,0.108142,WINWORD.EXE,Документ1
2024-11-20 18:00,Документ1,0.110278,WINWORD.EXE,Документ1
2024-11-20 18:00,Документ1,0.10936,WINWORD.EXE,Документ1
2024-11-20 18:00,Документ1,0.108577,WINWORD.EXE,Документ1
2024-11-20 18:00,Документ1,0.108921,WINWORD.EXE,Документ1
2024-11-20 18:00,Документ1,0.107201,WINWORD.EXE,Документ1
2024-11-20 18:00,Документ1,0.109956,WINWORD.EXE,Документ1
2024-11-20 18:00,Документ1,0.105474,WINWORD.EXE,Документ1
2024-11-20 18:00,Документ1,0.109596,WINWORD.EXE,Документ1
2024-11-20 18:00,Документ1,0.105739,WINWORD.EXE,Документ1
2024-11-20 18:00,Документ1,0.106902,WINWORD.EXE,Документ1
2024-11-20 18:00,Документ1,0.108284,WINWORD.EXE,Документ1
2024-11-20 18:00,Документ1,0.107455,WINWORD.EXE,Документ1
2024-11-20 18:00,Документ1,0.108779,WINWORD.EXE,Документ1
2024-11-20 18:00,Документ1,0.108106,WINWORD.EXE,Документ1
2024-11-20 18:00,Документ1,0.104807,WINWORD.EXE,Документ1
2024-11-20 18:00,Документ1,0.107952,WINWORD.EXE,Документ1
2024-11-20 18:00,Документ1,0.11039,WINWORD.EXE,Документ1
2024-11-20 18:00,Документ1,0.108125,WINWORD.EXE,Документ1
2024-11-20 18:00,Документ1,0.109147,WINWORD.EXE,Документ1
2024-11-20 18:00,Документ1,0.10947,WINWORD.EXE,Документ1
2024-11-20 18:00,Документ1,0.107191,WINWORD.EXE,Документ1
2024-11-20 18:00,Документ1,0.108767,WINWORD.EXE,Документ1
2024-11-20 18:00,Документ1,0.110074,WINWORD.EXE,Документ1
2024-11-20 18:00,Документ1,0.106661,WINWORD.EXE,Документ1
2024-11-20 18:00,Документ1,0.109377,WINWORD.EXE,Документ1
2024-11-20 18:00,Документ1,0.108292,WINWORD.EXE,Документ1
2024-11-20 18:00,Документ1,0.108292,WINWORD.EXE,Документ1
2024-11-20 18:00,Документ1,0.109021,WINWORD.EXE,Документ1
2024-11-20 18:00,Документ1,0.108118,WINWORD.EXE,Документ1
2024-11-20 18:00,Документ1,0.107911,WINWORD.EXE,Документ1
2024-11-20 18:00,Документ1,0.107137,WINWORD.EXE,Документ1
2024-11-20 18:00,Документ1,0.107359,WINWORD.EXE,Документ1
2024-11-20 18:00,Документ1,0.109596,WINWORD.EXE,Документ1
2024-11-20 18:00,Документ1,0.107755,WINWORD.EXE,Документ1
2024-11-20 18:00,Документ1,0.107304,WINWORD.EXE,Документ1
2024-11-20 18:00,Документ1,0.109707,WINWORD.EXE,Документ1
2024-11-20 18:00,Документ1,0.109822,WINWORD.EXE,Документ1
2024-11-20 18:00,Документ1,0.108855,WINWORD.EXE,Документ1
2024-11-20 18:00,Документ1,0.10942,WINWORD.EXE,Документ1
2024-11-20 18:00,Документ1,0.108136,WINWORD.EXE,Документ1
2024-11-20 18:00,Документ1,0.106112,WINWORD.EXE,Документ1
2024-11-20 18:00,Документ1,0.108676,WINWORD.EXE,Документ1
2024-11-20 18:00,Документ1,0.108314,WINWORD.EXE,Документ1
2024-11-20 18:00,Документ1,0.110798,WINWORD.EXE,Документ1
2024-11-20 18:00,Документ1,0.119273,WINWORD.EXE,Документ1
2024-11-20 18:00,Документ1,0.103669,WINWORD.EXE,Документ1
2024-11-20 18:00,Документ1,0.175658,WINWORD.EXE,Документ1
2024-11-20 18:00,Документ1,0.119111,WINWORD.EXE,Документ1
2024-11-20 18:00,Документ1,0.110286,WINWORD.EXE,Документ1
2024-11-20 18:00,Документ1,0.10621,WINWORD.EXE,Документ1
2024-11-20 18:00,Документ1,0.107787,WINWORD.EXE,Документ1
2024-11-20 18:00,Документ1,0.108559,WINWORD.EXE,Документ1
2024-11-20 18:00,Документ1,0.107729,WINWORD.EXE,Документ1
2024-11-20 18:00,Документ1,0.108789,WINWORD.EXE,Документ1
2024-11-20 18:00,Документ1,0.107074,WINWORD.EXE,Документ1
2024-11-20 18:00,Документ1,0.107973,WINWORD.EXE,Документ1
2024-11-20 18:00,Документ1,0.11,WINWORD.EXE,Документ1
2024-11-20 18:00,Документ1,0.106423,WINWORD.EXE,Документ1
2024-11-20 18:00,Документ1,0.108433,WINWORD.EXE,Документ1
2024-11-20 18:00,Документ1,0.109987,WINWORD.EXE,Документ1
2024-11-20 18:00,Документ1,0.106247,WINWORD.EXE,Документ1
2024-11-20 18:00,Документ1,0.10698,WINWORD.EXE,Документ1
2024-11-20 18:00,Документ1,0.124804,WINWORD.EXE,Документ1
2024-11-20 18:00,Документ1,0.106627,WINWORD.EXE,Документ1
2024-11-20 18:00,Документ1,0.107478,WINWORD.EXE,Документ1
2024-11-20 18:00,Документ1,0.109928,WINWORD.EXE,Документ1
2024-11-20 18:00,Документ1,0.10724,WINWORD.EXE,Документ1
2024-11-20 18:00,Документ1,0.105628,WINWORD.EXE,Документ1
2024-11-20 18:00,Документ1,0.109359,WINWORD.EXE,Документ1
2024-11-20 18:00,Документ1,0.106829,WINWORD.EXE,Документ1
2024-11-20 18:00,Документ1,0.108241,WINWORD.EXE,Документ1
2024-11-20 18:00,Документ1,0.108931,WINWORD.EXE,Документ1
2024-11-20 18:00,Документ1,0.106343,WINWORD.EXE,Документ1
2024-11-20 18:00,Документ1,0.107571,WINWORD.EXE,Документ1
2024-11-20 18:00,Документ1,0.10771,WINWORD.EXE,Документ1
2024-11-20 18:00,Документ1,0.10836,WINWORD.EXE,Документ1
2024-11-20 18:00,Документ1,0.109964,WINWORD.EXE,Документ1
2024-11-20 18:00,Документ1,0.106887,WINWORD.EXE,Документ1
2024-11-20 18:00,Документ1,0.109679,WINWORD.EXE,Документ1
2024-11-20 18:00,Документ1,0.106534,WINWORD.EXE,Документ1
2024-11-20 18:00,Документ1,0.108646,WINWORD.EXE,Документ1
2024-11-20 18:00,Документ1,0.107769,WINWORD.EXE,Документ1
2024-11-20 18:00,Документ1,0.107894,WINWORD.EXE,Документ1
2024-11-20 18:00,Документ1,0.259911,WINWORD.EXE,Документ1
2024-11-20 18:00,Документ1,0.114136,WINWORD.EXE,Документ1
2024-11-20 18:00,Документ1,0.112628,WINWORD.EXE,Документ1
2024-11-20 18:00,Документ1,0.105952,WINWORD.EXE,Документ1
2024-11-20 18:00,Документ1,0.110754,WINWORD.EXE,Документ1
2024-11-20 18:00,Документ1,0.109378,WINWORD.EXE,Документ1
2024-11-20 18:00,Документ1,0.105679,WINWORD.EXE,Документ1
2024-11-20 18:00,Документ1,0.245691,WINWORD.EXE,Документ1
2024-11-20 18:00,Документ1,0.112133,WINWORD.EXE,Документ1
2024-11-20 18:00,Документ1,0.109297,WINWORD.EXE,Документ1
2024-11-20 18:00,Документ1,0.10668,WINWORD.EXE,Документ1
2024-11-20 18:00,Документ1,0.108331,WINWORD.EXE,Документ1
2024-11-20 18:00,Документ1,0.105211,WINWORD.EXE,Документ1
2024-11-20 18:00,Документ1,0.108364,WINWORD.EXE,Документ1
2024-11-20 18:00,Документ1,0.107289,WINWORD.EXE,Документ1
2024-11-20 18:00,Документ1,0.107811,WINWORD.EXE,Документ1
2024-11-20 18:00,Документ1,0.11002,WINWORD.EXE,Документ1
2024-11-20 18:00,Документ1,0.108756,WINWORD.EXE,Документ1
2024-11-20 18:00,Документ1,0.109107,WINWORD.EXE,Документ1
2024-11-20 18:00,Документ1,0.106257,WINWORD.EXE,Документ1
2024-11-20 18:00,Документ1,0.108552,WINWORD.EXE,Документ1
2024-11-20 18:00,Документ1,0.110162,WINWORD.EXE,Документ1
2024-11-20 18:00,Документ1,0.108678,WINWORD.EXE,Документ1
2024-11-20 18:00,Документ1,0.10915,WINWORD.EXE,Документ1
2024-11-20 18:00,Документ1,0.121646,WINWORD.EXE,Документ1
2024-11-20 18:00,Документ1,0.11245,WINWORD.EXE,Документ1
2024-11-20 18:00,Документ1,0.105271,WINWORD.EXE,Документ1
2024-11-20 18:00,Документ1,0.109723,WINWORD.EXE,Документ1
2024-11-20 18:00,Документ1,0.107902,WINWORD.EXE,Документ1
2024-11-20 18:00,Документ1,0.108355,WINWORD.EXE,Документ1
2024-11-20 18:00,Документ1,0.108628,WINWORD.EXE,Документ1
2024-11-20 18:00,Документ1,0.110911,WINWORD.EXE,Документ1
2024-11-20 18:00,Документ1,0.105597,WINWORD.EXE,Документ1
2024-11-20 18:00,Документ1,0.108076,WINWORD.EXE,Документ1
2024-11-20 18:00,Документ1,0.106878,WINWORD.EXE,Документ1
2024-11-20 18:00,Документ1,0.10917,WINWORD.EXE,Документ1
2024-11-20 18:00,Документ1,0.108969,WINWORD.EXE,Документ1
2024-11-20 18:00,Документ1,0.10908,WINWORD.EXE,Документ1
2024-11-20 18:00,Документ1,0.109465,WINWORD.EXE,Документ1
2024-11-20 18:00,Документ1,0.107353,WINWORD.EXE,Документ1
2024-11-20 18:00,Документ1,0.111344,WINWORD.EXE,Документ1
2024-11-20 18:00,Документ1,0.107236,WINWORD.EXE,Документ1
2024-11-20 18:00,Документ1,0.109399,WINWORD.EXE,Документ1
2024-11-20 18:00,Документ1,0.110925,WINWORD.EXE,Документ1
2024-11-20 18:00,Документ1,0.10683,WINWORD.EXE,Документ1
2024-11-20 18:00,Документ1,0.108826,WINWORD.EXE,Документ1
2024-11-20 18:00,Документ1,0.109978,WINWORD.EXE,Документ1
2024-11-20 18:00,Документ1,0.107524,WINWORD.EXE,Документ1
2024-11-20 18:00,Документ1,0.106155,WINWORD.EXE,Документ1
2024-11-20 18:00,Документ1,0.110369,WINWORD.EXE,Документ1
2024-11-20 18:00,Документ1,0.109095,WINWORD.EXE,Документ1
2024-11-20 18:00,Документ1,0.111484,WINWORD.EXE,Документ1
2024-11-20 18:00,Документ1,0.109298,WINWORD.EXE,Документ1
2024-11-20 18:00,Документ1,0.10768,WINWORD.EXE,Документ1
2024-11-20 18:00,Документ1,0.110566,WINWORD.EXE,Документ1
2024-11-20 18:00,Документ1,0.10826,WINWORD.EXE,Документ1
2024-11-20 18:00,Документ1,0.111243,WINWORD.EXE,Документ1
2024-11-20 18:00,Документ1,0.108811,WINWORD.EXE,Документ1
2024-11-20 18:00,Документ1,0.110036,WINWORD.EXE,Документ1
2024-11-20 18:00,Документ1,0.108621,WINWORD.EXE,Документ1
2024-11-20 18:00,Документ1,0.105953,WINWORD.EXE,Документ1
2024-11-20 18:00,Документ1,0.11041,WINWORD.EXE,Документ1
2024-11-20 18:00,Документ1,0.109947,WINWORD.EXE,Документ1
2024-11-20 18:00,Документ1,0.107435,WINWORD.EXE,Документ1
2024-11-20 18:00,Документ1,0.10546,WINWORD.EXE,Документ1
2024-11-20 18:00,Документ1,0.110591,WINWORD.EXE,Документ1
2024-11-20 18:00,Документ1,0.108884,WINWORD.EXE,Документ1
2024-11-20 18:00,Документ1,0.10762,WINWORD.EXE,Документ1
2024-11-20 18:00,Документ1,0.110358,WINWORD.EXE,Документ1
2024-11-20 18:00,Документ1,0.107565,WINWORD.EXE,Документ1
2024-11-20 18:00,Документ1,0.109069,WINWORD.EXE,Документ1
2024-11-20 18:00,Документ1,0.11032,WINWORD.EXE,Документ1
2024-11-20 18:00,Документ1,0.10679,WINWORD.EXE,Документ1
2024-11-20 18:00,Документ1,0.106107,WINWORD.EXE,Документ1
2024-11-20 18:00,Документ1,0.106747,WINWORD.EXE,Документ1
2024-11-20 18:00,Документ1,0.10652,WINWORD.EXE,Документ1
2024-11-20 18:00,Документ1,0.123953,WINWORD.EXE,Документ1
2024-11-20 18:00,Документ1,0.105615,WINWORD.EXE,Документ1
2024-11-20 18:00,Документ1,0.108413,WINWORD.EXE,Документ1
2024-11-20 18:00,Документ1,0.108713,WINWORD.EXE,Документ1
2024-11-20 18:00,Документ1,0.109753,WINWORD.EXE,Документ1
2024-11-20 18:00,Документ1,0.108759,WINWORD.EXE,Документ1
2024-11-20 18:00,Документ1,0.107628,WINWORD.EXE,Документ1
2024-11-20 18:00,Документ1,0.110713,WINWORD.EXE,Документ1
2024-11-20 18:00,Документ1,0.109511,WINWORD.EXE,Документ1
2024-11-20 18:00,Документ1,0.108356,WINWORD.EXE,Документ1
2024-11-20 18:00,Документ1,0.108344,WINWORD.EXE,Документ1
2024-11-20 18:00,Документ1,0.109942,WINWORD.EXE,Документ1
2024-11-20 18:00,Документ1,0.107113,WINWORD.EXE,Документ1
2024-11-20 18:00,Документ1,0.111139,WINWORD.EXE,Документ1
2024-11-20 18:00,Документ1,0.106983,WINWORD.EXE,Документ1
2024-11-20 18:00,Документ1,0.107926,WINWORD.EXE,Документ1
2024-11-20 18:00,Документ1,0.115324,WINWORD.EXE,Документ1
2024-11-20 18:00,Документ1,0.10717,WINWORD.EXE,Документ1
2024-11-20 18:00,Документ1,0.110722,WINWORD.EXE,Документ1
2024-11-20 18:00,Документ1,0.187918,WINWORD.EXE,Документ1
2024-11-20 18:00,Документ1,0.109787,WINWORD.EXE,Документ1
2024-11-20 18:00,Документ1,0.103818,WINWORD.EXE,Документ1
2024-11-20 18:00,Документ1,0.110398,WINWORD.EXE,Документ1
2024-11-20 18:00,Документ1,0.108202,WINWORD.EXE,Документ1
2024-11-20 18:00,Документ1,0.106964,WINWORD.EXE,Документ1
2024-11-20 18:00,Документ1,0.108426,WINWORD.EXE,Документ1
2024-11-20 18:00,Документ1,0.111807,WINWORD.EXE,Документ1
2024-11-20 18:00,Документ1,0.108653,WINWORD.EXE,Документ1
2024-11-20 18:00,Документ1,0.109652,WINWORD.EXE,Документ1
2024-11-20 18:00,Документ1,0.105119,WINWORD.EXE,Документ1
2024-11-20 18:00,Документ1,0.107239,WINWORD.EXE,Документ1
2024-11-20 18:00,Документ1,0.107027,WINWORD.EXE,Документ1
2024-11-20 18:00,Документ1,0.113365,WINWORD.EXE,Документ1
2024-11-20 18:00,Документ1,0.106162,WINWORD.EXE,Документ1
2024-11-20 18:00,Документ1,0.109836,WINWORD.EXE,Документ1
2024-11-20 18:00,Документ1,0.106662,WINWORD.EXE,Документ1
2024-11-20 18:00,Документ1,0.111485,WINWORD.EXE,Документ1
2024-11-20 18:00,Документ1,0.152184,WINWORD.EXE,Документ1
2024-11-20 18:00,Документ1,0.109102,WINWORD.EXE,Документ1
2024-11-20 18:00,Документ1,0.108193,WINWORD.EXE,Документ1
2024-11-20 18:00,Документ1,0.107368,WINWORD.EXE,Документ1
2024-11-20 18:00,Документ1,0.106389,WINWORD.EXE,Документ1
2024-11-20 18:00,Документ1,0.108523,WINWORD.EXE,Документ1
2024-11-20 18:00,Документ1,0.108123,WINWORD.EXE,Документ1
2024-11-20 18:00,Документ1,0.106265,WINWORD.EXE,Документ1
2024-11-20 18:00,Документ1,0.10869,WINWORD.EXE,Документ1
2024-11-20 18:00,Документ1,0.107275,WINWORD.EXE,Документ1
2024-11-20 18:00,Документ1,0.109677,WINWORD.EXE,Документ1
2024-11-20 18:00,Документ1,0.107398,WINWORD.EXE,Документ1
2024-11-20 18:00,Документ1,0.196011,WINWORD.EXE,Документ1
2024-11-20 18:00,Документ1,0.109244,WINWORD.EXE,Документ1
2024-11-20 18:00,Документ1,0.10814,WINWORD.EXE,Документ1
2024-11-20 18:00,Документ1,0.108916,WINWORD.EXE,Документ1
2024-11-20 18:00,Документ1,0.108751,WINWORD.EXE,Документ1
2024-11-20 18:00,Документ1,0.108523,WINWORD.EXE,Документ1
2024-11-20 18:00,Документ1,0.106952,WINWORD.EXE,Документ1
2024-11-20 18:00,Документ1,0.10981,WINWORD.EXE,Документ1
2024-11-20 18:00,Документ1,0.108695,WINWORD.EXE,Документ1
2024-11-20 18:00,Документ1,0.108,WINWORD.EXE,Документ1
2024-11-20 18:00,Документ1,0.108561,WINWORD.EXE,Документ1
2024-11-20 18:00,Документ1,0.10825,WINWORD.EXE,Документ1
2024-11-20 18:00,Документ1,0.200811,WINWORD.EXE,Документ1
2024-11-20 18:00,Документ1,0.109564,WINWORD.EXE,Документ1
2024-11-20 18:00,Документ1,0.109061,WINWORD.EXE,Документ1
2024-11-20 18:00,Документ1,0.108777,WINWORD.EXE,Документ1
2024-11-20 18:00,Документ1,0.109432,WINWORD.EXE,Документ1
2024-11-20 18:00,Документ1,0.109012,WINWORD.EXE,Документ1
2024-11-20 18:00,Документ1,0.107813,WINWORD.EXE,Документ1
2024-11-20 18:00,Документ1,0.109936,WINWORD.EXE,Документ1
2024-11-20 18:00,Документ1,0.109677,WINWORD.EXE,Документ1
2024-11-20 18:00,Документ1,0.109421,WINWORD.EXE,Документ1
2024-11-20 18:00,Документ1,0.108312,WINWORD.EXE,Документ1
2024-11-20 18:00,Документ1,0.123832,WINWORD.EXE,Документ1
2024-11-20 18:00,Документ1,0.124343,WINWORD.EXE,Документ1
2024-11-20 18:00,Документ1,0.109308,WINWORD.EXE,Документ1
2024-11-20 18:00,Документ1,0.115682,WINWORD.EXE,Документ1
2024-11-20 18:00,Документ1,0.113271,WINWORD.EXE,Документ1
2024-11-20 18:00,Документ1,0.115766,WINWORD.EXE,Документ1
2024-11-20 18:00,Документ1,0.10911,WINWORD.EXE,Документ1
2024-11-20 18:00,Документ1,0.10946,WINWORD.EXE,Документ1
2024-11-20 18:00,Документ1,0.108167,WINWORD.EXE,Документ1
2024-11-20 18:00,Документ1,0.104793,WINWORD.EXE,Документ1
2024-11-20 18:00,Документ1,0.109664,WINWORD.EXE,Документ1
2024-11-20 18:00,Документ1,0.111083,WINWORD.EXE,Документ1
2024-11-20 18:00,Документ1,0.107577,WINWORD.EXE,Документ1
2024-11-20 18:00,Документ1,0.120369,WINWORD.EXE,Документ1
2024-11-20 18:00,Документ1,0.107843,WINWORD.EXE,Документ1
2024-11-20 18:00,Документ1,0.108107,WINWORD.EXE,Документ1
2024-11-20 18:00,Документ1,0.109418,WINWORD.EXE,Документ1
2024-11-20 18:00,Документ1,0.110713,WINWORD.EXE,Документ1
2024-11-20 18:00,Документ1,0.107426,WINWORD.EXE,Документ1
2024-11-20 18:00,Документ1,0.106853,WINWORD.EXE,Документ1
2024-11-20 18:00,Документ1,0.108619,WINWORD.EXE,Документ1
2024-11-20 18:00,Документ1,0.111237,WINWORD.EXE,Документ1
2024-11-20 18:00,Документ1,0.10689,WINWORD.EXE,Документ1
2024-11-20 18:00,Документ1,0.111813,WINWORD.EXE,Документ1
2024-11-20 18:00,Документ1,0.104191,WINWORD.EXE,Документ1
2024-11-20 18:00,Документ1,0.107453,WINWORD.EXE,Документ1
2024-11-20 18:00,Документ1,0.109088,WINWORD.EXE,Документ1
2024-11-20 18:00,Документ1,0.109781,WINWORD.EXE,Документ1
2024-11-20 18:00,Документ1,0.108067,WINWORD.EXE,Документ1
2024-11-20 18:00,Документ1,0.107045,WINWORD.EXE,Документ1
2024-11-20 18:00,Документ1,0.108445,WINWORD.EXE,Документ1
2024-11-20 18:00,Документ1,0.110082,WINWORD.EXE,Документ1
2024-11-20 18:00,Документ1,0.105696,WINWORD.EXE,Документ1
2024-11-20 18:00,Документ1,0.107547,WINWORD.EXE,Документ1
2024-11-20 18:00,Документ1,0.108103,WINWORD.EXE,Документ1
2024-11-20 18:00,Документ1,0.110769,WINWORD.EXE,Документ1
2024-11-20 18:00,Документ1,0.107854,WINWORD.EXE,Документ1
2024-11-20 18:00,Документ1,0.107976,WINWORD.EXE,Документ1
2024-11-20 18:00,Документ1,0.168494,WINWORD.EXE,Документ1
2024-11-20 18:00,Документ1,0.125586,WINWORD.EXE,Документ1
2024-11-20 18:00,Документ1,0.109893,WINWORD.EXE,Документ1
2024-11-20 18:00,Документ1,0.108752,WINWORD.EXE,Документ1
2024-11-20 18:00,Документ1,0.105402,WINWORD.EXE,Документ1
2024-11-20 18:00,Документ1,0.111981,WINWORD.EXE,Документ1
2024-11-20 18:00,Документ1,0.10875,WINWORD.EXE,Документ1
2024-11-20 18:00,Документ1,0.105875,WINWORD.EXE,Документ1
2024-11-20 18:00,Документ1,0.109271,WINWORD.EXE,Документ1
2024-11-20 18:00,Документ1,0.107283,WINWORD.EXE,Документ1
2024-11-20 18:00,Документ1,0.112872,WINWORD.EXE,Документ1
2024-11-20 18:00,Документ1,0.307202,WINWORD.EXE,Документ1
2024-11-20 18:00,Документ1,0.106346,WINWORD.EXE,Документ1
2024-11-20 18:00,Документ1,0.108533,WINWORD.EXE,Документ1
2024-11-20 18:00,Документ1,0.10687,WINWORD.EXE,Документ1
2024-11-20 18:00,Документ1,0.111591,WINWORD.EXE,Документ1
2024-11-20 18:00,Документ1,0.114156,WINWORD.EXE,Документ1
2024-11-20 18:00,Документ1,0.104752,WINWORD.EXE,Документ1
2024-11-20 18:00,Документ1,0.108304,WINWORD.EXE,Документ1
2024-11-20 18:00,Документ1,0.111944,WINWORD.EXE,Документ1
2024-11-20 18:00,Документ1,0.105691,WINWORD.EXE,Документ1
2024-11-20 18:00,Документ1,0.572636,WINWORD.EXE,Документ1
2024-11-20 18:00,Документ1,0.112628,WINWORD.EXE,Документ1
2024-11-20 18:00,Документ1,0.108213,WINWORD.EXE,Документ1
2024-11-20 18:00,Документ1,0.136978,WINWORD.EXE,Документ1
2024-11-20 18:00,Документ1,0.112606,WINWORD.EXE,Документ1
2024-11-20 18:00,Документ1,0.109034,WINWORD.EXE,Документ1
2024-11-20 18:00,Документ1,0.10978,WINWORD.EXE,Документ1
2024-11-20 18:00,Документ1,0.109706,WINWORD.EXE,Документ1
2024-11-20 18:00,Документ1,0.316489,WINWORD.EXE,Документ1
2024-11-20 18:00,Документ1,0.117716,WINWORD.EXE,Документ1
2024-11-20 18:00,Документ1,0.110214,WINWORD.EXE,Документ1
2024-11-20 18:00,Документ1,0.111417,WINWORD.EXE,Документ1
2024-11-20 18:00,Документ1,0.10966,WINWORD.EXE,Документ1
2024-11-20 18:00,Документ1,0.106246,WINWORD.EXE,Документ1
2024-11-20 18:00,Документ1,0.106711,WINWORD.EXE,Документ1
2024-11-20 18:00,Документ1,0.106658,WINWORD.EXE,Документ1
2024-11-20 18:00,Документ1,0.111772,WINWORD.EXE,Документ1
2024-11-20 18:00,Документ1,0.109111,WINWORD.EXE,Документ1
2024-11-20 18:00,Документ1,0.108034,WINWORD.EXE,Документ1
2024-11-20 18:00,Документ1,0.107602,WINWORD.EXE,Документ1
2024-11-20 18:00,Документ1,0.11322,WINWORD.EXE,Документ1
2024-11-20 18:00,Документ1,0.120577,WINWORD.EXE,Документ1
2024-11-20 18:00,Документ1,0.106373,WINWORD.EXE,Документ1
2024-11-20 18:00,Документ1,0.106196,WINWORD.EXE,Документ1
2024-11-20 18:00,Документ1,0.109573,WINWORD.EXE,Документ1
2024-11-20 18:00,Документ1,0.105782,WINWORD.EXE,Документ1
2024-11-20 18:00,Документ1,0.109335,WINWORD.EXE,Документ1
2024-11-20 18:00,Документ1,0.106534,WINWORD.EXE,Документ1
2024-11-20 18:00,Документ1,0.109824,WINWORD.EXE,Документ1
2024-11-20 18:00,Документ1,0.109778,WINWORD.EXE,Документ1
2024-11-20 18:00,Документ1,0.10965,WINWORD.EXE,Документ1
2024-11-20 18:00,Документ1,0.107927,WINWORD.EXE,Документ1
2024-11-20 18:00,Документ1,0.1097,WINWORD.EXE,Документ1
2024-11-20 18:00,Документ1,0.107786,WINWORD.EXE,Документ1
2024-11-20 18:00,Документ1,0.109856,WINWORD.EXE,Документ1
2024-11-20 18:00,Документ1,0.105043,WINWORD.EXE,Документ1
2024-11-20 18:00,Документ1,0.109774,WINWORD.EXE,Документ1
2024-11-20 18:00,Документ1,0.109579,WINWORD.EXE,Документ1
2024-11-20 18:00,Документ1,0.109842,WINWORD.EXE,Документ1
2024-11-20 18:00,Документ1,0.107144,WINWORD.EXE,Документ1
2024-11-20 18:00,Документ1,0.108568,WINWORD.EXE,Документ1
2024-11-20 18:00,Документ1,0.109411,WINWORD.EXE,Документ1
2024-11-20 18:00,Документ1,0.105625,WINWORD.EXE,Документ1
2024-11-20 18:00,Документ1,0.115234,WINWORD.EXE,Документ1
2024-11-20 18:00,Документ1,0.103267,WINWORD.EXE,Документ1
2024-11-20 18:00,Документ1,0.110872,WINWORD.EXE,Документ1
2024-11-20 18:00,Документ1,0.107944,WINWORD.EXE,Документ1
2024-11-20 18:00,Документ1,0.110952,WINWORD.EXE,Документ1
2024-11-20 18:00,Документ1,0.108584,WINWORD.EXE,Документ1
2024-11-20 18:00,Документ1,0.107076,WINWORD.EXE,Документ1
2024-11-20 18:00,Документ1,0.109093,WINWORD.EXE,Документ1
2024-11-20 18:00,Документ1,0.108612,WINWORD.EXE,Документ1
2024-11-20 18:00,Документ1,0.108351,WINWORD.EXE,Документ1
2024-11-20 18:00,Документ1,0.108353,WINWORD.EXE,Документ1
2024-11-20 18:00,Документ1,0.108953,WINWORD.EXE,Документ1
2024-11-20 18:00,Документ1,0.104413,WINWORD.EXE,Документ1
2024-11-20 18:00,Документ1,0.111847,WINWORD.EXE,Документ1
2024-11-20 18:00,Документ1,0.109736,WINWORD.EXE,Документ1
2024-11-20 18:00,Документ1,0.106509,WINWORD.EXE,Документ1
2024-11-20 18:00,Документ1,0.110996,WINWORD.EXE,Документ1
2024-11-20 18:00,Документ1,0.11054,WINWORD.EXE,Документ1
2024-11-20 18:00,Документ1,0.10624,WINWORD.EXE,Документ1
2024-11-20 18:00,Документ1,0.109842,WINWORD.EXE,Документ1
2024-11-20 18:00,Документ1,0.103872,WINWORD.EXE,Документ1
2024-11-20 18:00,Документ1,0.109232,WINWORD.EXE,Документ1
2024-11-20 18:00,Документ1,0.113894,WINWORD.EXE,Документ1
2024-11-20 18:00,Документ1,0.1117,WINWORD.EXE,Документ1
2024-11-20 18:00,Документ1,0.118963,WINWORD.EXE,Документ1
2024-11-20 18:00,Документ1,0.108578,WINWORD.EXE,Документ1
2024-11-20 18:00,Документ1,0.107327,WINWORD.EXE,Документ1
2024-11-20 18:00,Документ1,0.110682,WINWORD.EXE,Документ1
2024-11-20 18:00,Документ1,0.106357,WINWORD.EXE,Документ1
2024-11-20 18:00,Документ1,0.108459,WINWORD.EXE,Документ1
2024-11-20 18:00,Документ1,0.111667,WINWORD.EXE,Документ1
2024-11-20 18:00,Документ1,0.109801,WINWORD.EXE,Документ1
2024-11-20 18:00,Документ1,0.109105,WINWORD.EXE,Документ1
2024-11-20 18:00,Документ1,0.104828,WINWORD.EXE,Документ1
2024-11-20 18:00,Документ1,0.110789,WINWORD.EXE,Документ1
2024-11-20 18:00,Документ1,0.107437,WINWORD.EXE,Документ1
2024-11-20 18:00,Документ1,0.104251,WINWORD.EXE,Документ1
2024-11-20 18:00,Документ1,0.108251,WINWORD.EXE,Документ1
2024-11-20 18:00,Документ1,0.109388,WINWORD.EXE,Документ1
2024-11-20 18:00,Документ1,0.109092,WINWORD.EXE,Документ1
2024-11-20 18:00,Документ1,0.10916,WINWORD.EXE,Документ1
2024-11-20 18:00,Документ1,0.107303,WINWORD.EXE,Документ1
2024-11-20 18:00,Документ1,0.12278,WINWORD.EXE,Документ1
2024-11-20 18:00,Документ1,0.110882,WINWORD.EXE,Документ1
2024-11-20 18:00,Документ1,0.106923,WINWORD.EXE,Документ1
2024-11-20 18:00,Документ1,0.104617,WINWORD.EXE,Документ1
2024-11-20 18:00,Документ1,0.109347,WINWORD.EXE,Документ1
2024-11-20 18:00,Документ1,0.110711,WINWORD.EXE,Документ1
2024-11-20 18:00,Документ1,0.10854,WINWORD.EXE,Документ1
2024-11-20 18:00,Документ1,0.107637,WINWORD.EXE,Документ1
2024-11-20 18:00,Документ1,0.109639,WINWORD.EXE,Документ1
2024-11-20 18:00,Документ1,0.110745,WINWORD.EXE,Документ1
2024-11-20 18:00,Документ1,0.108761,WINWORD.EXE,Документ1
2024-11-20 18:00,Документ1,0.109124,WINWORD.EXE,Документ1
2024-11-20 18:00,Документ1,0.109492,WINWORD.EXE,Документ1
2024-11-20 18:00,Документ1,0.107333,WINWORD.EXE,Документ1
2024-11-20 18:00,Документ1,0.109532,WINWORD.EXE,Документ1
2024-11-20 18:00,Документ1,0.106758,WINWORD.EXE,Документ1
2024-11-20 18:00,Документ1,0.109686,WINWORD.EXE,Документ1
2024-11-20 18:00,Документ1,0.107502,WINWORD.EXE,Документ1
2024-11-20 18:00,Документ1,0.108202,WINWORD.EXE,Документ1
2024-11-20 18:00,Документ1,0.106689,WINWORD.EXE,Документ1
2024-11-20 18:00,Документ1,0.107677,WINWORD.EXE,Документ1
2024-11-20 18:00,Документ1,0.107112,WINWORD.EXE,Документ1
2024-11-20 18:00,Документ1,0.109946,WINWORD.EXE,Документ1
2024-11-20 18:00,Документ1,0.107611,WINWORD.EXE,Документ1
2024-11-20 18:00,Документ1,0.112778,WINWORD.EXE,Документ1
2024-11-20 18:00,Документ1,0.10741,WINWORD.EXE,Документ1
2024-11-20 18:00,Документ1,0.1081,WINWORD.EXE,Документ1
2024-11-20 18:00,Документ1,0.110519,WINWORD.EXE,Документ1
2024-11-20 18:00,Документ1,0.103949,WINWORD.EXE,Документ1
2024-11-20 18:00,Документ1,0.110951,WINWORD.EXE,Документ1
2024-11-20 18:00,Документ1,0.108781,WINWORD.EXE,Документ1
2024-11-20 18:00,Документ1,0.108289,WINWORD.EXE,Документ1
2024-11-20 18:00,Документ1,0.108498,WINWORD.EXE,Документ1
2024-11-20 18:00,Документ1,0.111412,WINWORD.EXE,Документ1
2024-11-20 18:00,Документ1,0.106675,WINWORD.EXE,Документ1
2024-11-20 18:00,Документ1,0.110093,WINWORD.EXE,Документ1
2024-11-20 18:00,Документ1,0.107466,WINWORD.EXE,Документ1
2024-11-20 18:00,Документ1,0.111494,WINWORD.EXE,Документ1
2024-11-20 18:00,Документ1,0.107451,WINWORD.EXE,Документ1
2024-11-20 18:00,Документ1,0.109966,WINWORD.EXE,Документ1
2024-11-20 18:00,Документ1,0.109693,WINWORD.EXE,Документ1
2024-11-20 18:00,Документ1,0.110365,WINWORD.EXE,Документ1
2024-11-20 18:00,Документ1,0.108491,WINWORD.EXE,Документ1
2024-11-20 18:00,Документ1,0.106108,WINWORD.EXE,Документ1
2024-11-20 18:00,Документ1,0.112653,WINWORD.EXE,Документ1
2024-11-20 18:00,Документ1,0.107461,WINWORD.EXE,Документ1
2024-11-20 18:00,Документ1,0.109227,WINWORD.EXE,Документ1
2024-11-20 18:00,Документ1,0.393378,WINWORD.EXE,Документ1
2024-11-20 18:00,Документ1,0.118288,WINWORD.EXE,Документ1
2024-11-20 18:00,Документ1,0.106828,WINWORD.EXE,Документ1
2024-11-20 18:00,Документ1,0.109608,WINWORD.EXE,Документ1
2024-11-20 18:00,Документ1,0.111767,WINWORD.EXE,Документ1
2024-11-20 18:00,Документ1,0.108986,WINWORD.EXE,Документ1
2024-11-20 18:00,Документ1,0.108009,WINWORD.EXE,Документ1
2024-11-20 18:00,Документ1,0.107596,WINWORD.EXE,Документ1
2024-11-20 18:00,Документ1,0.108892,WINWORD.EXE,Документ1
2024-11-20 18:00,Документ1,0.106131,WINWORD.EXE,Документ1
2024-11-20 18:00,Документ1,0.109723,WINWORD.EXE,Документ1
2024-11-20 18:00,Документ1,0.111697,WINWORD.EXE,Документ1
2024-11-20 18:00,Документ1,0.109233,WINWORD.EXE,Документ1
2024-11-20 18:00,Документ1,0.104831,WINWORD.EXE,Документ1
2024-11-20 18:00,Документ1,0.110816,WINWORD.EXE,Документ1
2024-11-20 18:00,Документ1,0.105873,WINWORD.EXE,Документ1
2024-11-20 18:00,Документ1,0.110592,WINWORD.EXE,Документ1
2024-11-20 18:00,Документ1,0.108551,WINWORD.EXE,Документ1
2024-11-20 18:00,Документ1,0.111598,WINWORD.EXE,Документ1
2024-11-20 18:00,Документ1,0.105586,WINWORD.EXE,Документ1
2024-11-20 18:00,Документ1,0.110893,WINWORD.EXE,Документ1
2024-11-20 18:00,Документ1,0.10713,WINWORD.EXE,Документ1
2024-11-20 18:00,Документ1,0.108558,WINWORD.EXE,Документ1
2024-11-20 18:00,Документ1,0.112822,WINWORD.EXE,Документ1
2024-11-20 18:00,Документ1,0.119535,WINWORD.EXE,Документ1
2024-11-20 18:00,Документ1,0.107663,WINWORD.EXE,Документ1
2024-11-20 18:00,Документ1,0.107465,WINWORD.EXE,Документ1
2024-11-20 18:00,Документ1,0.105003,WINWORD.EXE,Документ1
2024-11-20 18:00,Документ1,0.106554,WINWORD.EXE,Документ1
2024-11-20 18:00,Документ1,0.111889,WINWORD.EXE,Документ1
2024-11-20 18:00,Документ1,0.108633,WINWORD.EXE,Документ1
2024-11-20 18:00,Документ1,0.894095,WINWORD.EXE,Документ1
2024-11-20 18:00,Doc1.docx,5.381971,WINWORD.EXE,D:\porgramingOutOfCloud\455-temp\Doc1.docx
2024-11-20 18:00,18-00_20_11_2024.csv - file_usage_tracker - Visual Studio Code,7.576307,others,
2024-11-20 18:00,Doc1.docx,2.23417,WINWORD.EXE,D:\porgramingOutOfCloud\455-temp\Doc1.docx
2024-11-20 18:00,18-00_20_11_2024.csv - file_usage_tracker - Visual Studio Code,11.69852,others,
2024-11-20 18:00,-,13.670556,ARCHICAD.exe,
2024-11-20 18:00,-,1.713509,others,
2024-11-20 18:00,Doc1.docx,1.620935,WINWORD.EXE,D:\porgramingOutOfCloud\455-temp\Doc1.docx
2024-11-20 18:00,-,0.217997,others,
2024-11-20 18:00,-,4.595775,ARCHICAD.exe,
2024-11-20 18:00,18-00_20_11_2024.csv - file_usage_tracker - Visual Studio Code,2.091088,others,
2024-11-20 18:00,-,8.519253,ARCHICAD.exe,
2024-11-20 18:00,-,0.109023,others,
2024-11-20 18:00,-,1.411756,ARCHICAD.exe,
2024-11-20 18:00,-,2.145388,others,
2024-11-20 18:00,-,0.435593,ARCHICAD.exe,
2024-11-20 18:00,Task Switching,1.195595,others,
2024-11-20 18:00,-,0.435416,ARCHICAD.exe,
2024-11-20 18:00,Task Switching,0.65144,others,
2024-11-20 18:00,-,0.541275,ARCHICAD.exe,
2024-11-20 18:00,-,1.085547,others,
2024-11-20 18:00,-,2.390947,ARCHICAD.exe,
